Category,program_size
Origin,83.0
BytecodeChatGPT,87.09677419354838
CFRChatGPT,88.38709677419355
CFRJ2K,224.96774193548387
FernflowerChatGPT,92.19354838709677
FernflowerJ2K,240.1290322580645
JDGUIChatGPT,87.58064516129032
JDGUIJ2K,183.09677419354838
