Category,Abrupt Control Flow,Conditional Complexity,Conditional Statements,Labeled Blocks,Local Variables,Program Size
Original,0.3939393939393939,0.0,0.24242424242424243,0.06060606060606061,1.0,83.51515151515152
CFRJ2K,1.1262626262626263,0.0,0.5757575757575758,0.06060606060606061,1.808080808080808,153.05555555555554
CFRChatGPT,0.3939393939393939,0.0,0.2727272727272727,0.06060606060606061,1.2272727272727273,87.93939393939394
FernflowerJ2K,1.1666666666666667,0.0,0.6060606060606061,0.0,2.1792929292929295,162.72727272727272
FernflowerChatGPT,0.3939393939393939,0.0,0.2727272727272727,0.0,1.378787878787879,90.78787878787878
BytecodeChatGPT,0.3333333333333333,0.0,0.2727272727272727,0.06060606060606061,1.3333333333333333,88.12121212121212
JDGUIJ2K,0.9292929292929293,0.10606060606060606,0.4393939393939394,0.06060606060606061,1.4898989898989898,128.9848484848485
JDGUIChatGPT,0.3333333333333333,0.0,0.21212121212121213,0.06060606060606061,1.3181818181818181,86.51515151515152
