Category,CE,KL,PPL,NID,Hcond
CFRJ2K,14.039949959578326,9.544513808391011,220330.99667044103,2.01581227681418,9.495874271889669
FernflowerJ2K,14.647225406809287,10.127139961739719,46432.51528593101,2.1183991892129517,10.624704493224755
JDGUIJ2K,10.328995137047194,5.842903093408083,1698.6742263433757,1.0867847376532949,7.709554908161005
CFRChatGPT,6.650611625007431,2.276815327826454,100.46934909705337,0.8528878619954836,5.9711604996673895
FernflowerChatGPT,6.650611625007431,2.276815327826454,100.46934909705337,0.8528878619954836,5.97116049966739
JDGUIChatGPT,6.650611625007431,2.276815327826454,100.46934909705337,0.8528878619954836,5.9711604996673895
