Category,conditional_statements
Origin,0.24242424242424243
BytecodeChatGPT,0.2727272727272727
CFRChatGPT,0.2727272727272727
CFRJ2K,0.8484848484848485
FernflowerChatGPT,0.2727272727272727
FernflowerJ2K,0.8787878787878788
JDGUIChatGPT,0.21212121212121213
JDGUIJ2K,0.6060606060606061
